优点 1,优点 2,优点 3,优点 4,优点 5,优点 6,优点 7,优点 8,优点 9,优点 10
善良,诚实,勇敢,聪明,勤奋,耐心,宽容,乐观,谦虚,负责
体贴,真诚,坚强,独立,自信,热情,幽默,细心,稳重,果断
慷慨,忠诚,正直,温和,有爱心,有同理心,善于倾听,乐于助人,有创造力,有想象力
有条理,有效率,有毅力,有韧性,有担当,有领导力,有团队精神,有沟通能力,有协调能力,有决策力
有分析能力,有逻辑思维,有批判性思维,有学习能力,有适应能力,有抗压能力,有时间管理能力,有目标导向,有自我驱动力,有反思能力
有感恩之心,有敬畏之心,有好奇心,有探索精神,有创新意识,有审美能力,有艺术天赋,有音乐才华,有运动天赋,有语言天赋
有组织能力,有策划能力,有执行能力,有监督能力,有评估能力,有谈判能力,有说服能力,有影响力,有感染力,有号召力
有亲和力,有魅力,有气质,有风度,有涵养,有修养,有品味,有见识,有智慧,有远见
有格局,有胸怀,有气度,有雅量,有包容心,有正义感,有责任感,有使命感,有价值观,有原则
有底线,有分寸,有尺度,有节制,有自律,有自省,有自知,有自爱,有自尊,有自强
