序号,Q1身份,Q2性别,Q3年龄,Q4出家/从业年限,Q5所在地区,Q6佛教中国化了解程度,Q7核心要义_多选1、Q7核心要义_多选2、Q7核心要义_多选3,Q8僧才教育角色,Q9最薄弱环节,Q10教育质量评价,Q11突出问题_多选1、Q11突出问题_多选2、Q11突出问题_多选3,Q12以戒为师重要性,Q13学修一体化落实,Q14尼众与男众教育对比,Q15佛学/文化课程比例,Q16隆莲法师了解程度,Q17隆莲法师理念评价,Q18隆莲法师借鉴_多选1、Q18隆莲法师借鉴_多选2、Q18隆莲法师借鉴_多选3,Q19最大启示,Q20爱国爱教重要性,Q21最需加强_多选1、Q21最需加强_多选2、Q21最需加强_多选3,Q22培养目标_多选1、Q22培养目标_多选2、Q22培养目标_多选3,Q23尼众教育方向,Q24传统与现代关系,Q25开放题建议
1,寺院常住僧众,男,18-25岁,5-10年,西南地区(川滇黔渝藏),比较了解,其他、僧团制度与社会规范适应、爱国爱教与社会主义相适应,说不清楚,教义时代化阐释能力不足,中等基本满足但有短板,尼众教育资源明显不足、培养目标与社会需求脱节、戒律教育松弛流于形式,极其重要根本不可动摇,落实一般存在两张皮,差距在缩小仍需更多投入,佛学70-80%文化20-30%,仅听说过不了解具体,至今仍是理想范式具普适性,传统丛林与现代教育融合、恢复二部僧戒戒律传承、学修一体化培养模式,佛教教育必须走出寺院服务社会,极其重要不可动摇,爱国主义教育深化、院校管理现代化、师资队伍专业化建设,具有国际视野复合型僧才、其他、爱国爱教合格僧才,建立独立尼众教育体系,以传统为根基现代为补充,建议建立僧才毕业后跟踪评估机制，了解培养效果和社会适应情况
2,寺院常住僧众,女,18-25岁,5-10年,西北地区(陕甘青宁新),非常了解,佛教实践服务社会利益人群、爱国爱教与社会主义相适应、其他,重要基础,教义时代化阐释能力不足,亟需系统性改革,其他、戒律教育松弛流于形式、尼众教育资源明显不足,极其重要根本不可动摇,落实良好有机融合,差距明显尼众长期边缘,佛学50-60%文化40-50%,从未听说,核心精神可借鉴需调适,以戒为师戒律教育体系、培养爱国爱教年轻僧才、恢复二部僧戒戒律传承,僧才教育是核心驱动力,比较重要应当坚持,戒律教育系统化规范化、社会服务与实践能力培养、爱国主义教育深化,能管理寺院组织型僧才、具备社会服务能力实践型僧才、具有国际视野复合型僧才,与男众基本一致细节区分,以现代为主体保留传统内核,僧才培养应注重因材施教，根据学僧的不同特长制定个性化培养方案
3,佛教院校管理人员,男,18-25岁,20年以上,华东地区(沪苏浙皖闽赣鲁),比较了解,僧团制度与社会规范适应、爱国爱教与社会主义相适应、其他,辅助性因素,传统文化底蕴薄弱,偏低与时代需求差距大,培养目标与社会需求脱节、尼众教育资源明显不足、师资力量薄弱,重要需结合现代伦理阐释,落实良好有机融合,差距在缩小仍需更多投入,佛学≤50%文化≥50%,仅听说过不了解具体,核心精神可借鉴需调适,僧俗结合师资建设模式、培养爱国爱教年轻僧才、学修一体化培养模式,僧才教育是核心驱动力,极其重要不可动摇,师资队伍专业化建设、爱国主义教育深化、院校管理现代化,其他、具有国际视野复合型僧才、能管理寺院组织型僧才,建立独立尼众教育体系,以现代为主体保留传统内核,僧才教育应注重培养学僧的独立思考能力和创新精神
4,佛学院教师/法师,女,26-35岁,5-10年,西北地区(陕甘青宁新),比较了解,爱国爱教与社会主义相适应、教义阐释与传统文化融合、僧才培养体系规范化现代化,重要基础,爱国主义教育停留表层,亟需系统性改革,佛学与文化课程比例失衡、管理制度不健全、学修脱节理论与修行未结合,重要需结合现代伦理阐释,落实一般存在两张皮,差距在缩小仍需更多投入,佛学50-60%文化40-50%,仅听说过不了解具体,核心精神可借鉴需调适,僧俗结合师资建设模式、传统丛林与现代教育融合、培养爱国爱教年轻僧才,传统戒律与现代伦理可融合,比较重要应当坚持,社会服务与实践能力培养、爱国主义教育深化、传统文化与现代知识素养充实,能时代化阐释学术型僧才、精通佛学经典传承法脉宗教师、具有国际视野复合型僧才,建立独立尼众教育体系,全面现代化传统不适应时代,应注重尼众教育的特殊性，建立符合尼众身心特点的培养体系
5,佛学院在读学僧,男,18-25岁,11-20年,华北地区(京津冀晋蒙),非常了解,其他、教义阐释与传统文化融合、爱国爱教与社会主义相适应,辅助性因素,僧才社会服务意识与能力欠缺,中等基本满足但有短板,学修脱节理论与修行未结合、师资力量薄弱、佛学与文化课程比例失衡,重要需结合现代伦理阐释,落实一般存在两张皮,差距明显尼众长期边缘,佛学≤50%文化≥50%,系统了解研读文献,核心精神可借鉴需调适,僧俗结合师资建设模式、培养爱国爱教年轻僧才、学修一体化培养模式,尼众群体有不可替代价值,极其重要不可动摇,尼众教育资源专项扶持、传统文化与现代知识素养充实、院校管理现代化,其他、具备社会服务能力实践型僧才、能管理寺院组织型僧才,说不清楚,以传统为根基现代为补充,隆莲法师的教育理念值得深入研究，建议将其纳入佛学院教材
6,寺院常住僧众,女,51岁以上,20年以上,华中地区(豫鄂湘),比较了解,佛教实践服务社会利益人群、爱国爱教与社会主义相适应、僧团制度与社会规范适应,根本性支撑,爱国主义教育停留表层,中等基本满足但有短板,学修脱节理论与修行未结合、尼众教育资源明显不足、师资力量薄弱,重要性一般应侧重文化素养社会能力,落实较差重学轻修或重修轻学,不了解无法判断,佛学50-60%文化40-50%,基本了解知道核心事迹,核心精神可借鉴需调适,恢复二部僧戒戒律传承、传统丛林与现代教育融合、以戒为师戒律教育体系,尼众群体有不可替代价值,比较重要应当坚持,戒律教育系统化规范化、其他、院校管理现代化,能管理寺院组织型僧才、精通佛学经典传承法脉宗教师、能时代化阐释学术型僧才,与男众基本一致细节区分,以现代为主体保留传统内核,建议建立僧才教育质量评估体系，定期进行自我检视和改进
7,佛学院在读学僧,女,36-50岁,11-20年,西南地区(川滇黔渝藏),非常了解,其他、教义阐释与传统文化融合、僧才培养体系规范化现代化,辅助性因素,爱国主义教育停留表层,偏低与时代需求差距大,师资力量薄弱、其他、佛学与文化课程比例失衡,极其重要根本不可动摇,落实较差重学轻修或重修轻学,已基本持平各有特色,佛学≥90%文化≤10%,系统了解研读文献,至今仍是理想范式具普适性,以戒为师戒律教育体系、培养爱国爱教年轻僧才、学修一体化培养模式,尼众群体有不可替代价值,有一定意义不应过度强调,尼众教育资源专项扶持、其他、传统文化与现代知识素养充实,其他、爱国爱教合格僧才、精通佛学经典传承法脉宗教师,与男众基本一致细节区分,以现代为主体保留传统内核,隆莲法师的教育理念值得深入研究，建议将其纳入佛学院教材
8,佛学院教师/法师,男,36-50岁,11-20年,东北地区(辽吉黑),非常了解,僧才培养体系规范化现代化、其他、爱国爱教与社会主义相适应,辅助性因素,戒律教育与现代伦理未衔接,偏低与时代需求差距大,其他、培养目标与社会需求脱节、师资力量薄弱,重要性一般应侧重文化素养社会能力,落实一般存在两张皮,差距在缩小仍需更多投入,佛学70-80%文化20-30%,基本了解知道核心事迹,核心精神可借鉴需调适,佛学与文学并重课程设计、其他、僧俗结合师资建设模式,僧才教育是核心驱动力,比较重要应当坚持,社会服务与实践能力培养、爱国主义教育深化、其他,具备社会服务能力实践型僧才、精通佛学经典传承法脉宗教师、其他,与男众基本一致细节区分,以传统为根基现代为补充,应关注僧才的心理健康和情绪管理，增加相关课程
9,佛学院在读学僧,男,51岁以上,5年以下,西北地区(陕甘青宁新),比较了解,僧才培养体系规范化现代化、僧团制度与社会规范适应、其他,根本性支撑,教义时代化阐释能力不足,中等基本满足但有短板,尼众教育资源明显不足、师资力量薄弱、戒律教育松弛流于形式,重要性一般应侧重文化素养社会能力,落实一般存在两张皮,已基本持平各有特色,佛学≥90%文化≤10%,基本了解知道核心事迹,核心精神可借鉴需调适,其他、佛学与文学并重课程设计、恢复二部僧戒戒律传承,僧才教育是核心驱动力,有一定意义不应过度强调,院校管理现代化、传统文化与现代知识素养充实、师资队伍专业化建设,具有国际视野复合型僧才、具备社会服务能力实践型僧才、爱国爱教合格僧才,建立独立尼众教育体系,以现代为主体保留传统内核,建议加强对佛教中国化理论的系统研究，形成有中国特色的佛教教育理论体系
10,寺院常住僧众,女,18-25岁,5-10年,华东地区(沪苏浙皖闽赣鲁),一般了解,教义阐释与传统文化融合、爱国爱教与社会主义相适应、僧才培养体系规范化现代化,重要基础,僧才社会服务意识与能力欠缺,中等基本满足但有短板,尼众教育资源明显不足、佛学与文化课程比例失衡、管理制度不健全,重要需结合现代伦理阐释,落实一般存在两张皮,差距明显尼众长期边缘,佛学50-60%文化40-50%,仅听说过不了解具体,核心精神可借鉴需调适,其他、恢复二部僧戒戒律传承、佛学与文学并重课程设计,僧才教育是核心驱动力,比较重要应当坚持,其他、传统文化与现代知识素养充实、师资队伍专业化建设,具备社会服务能力实践型僧才、能时代化阐释学术型僧才、能管理寺院组织型僧才,说不清楚,全面现代化传统不适应时代,建议各佛学院之间加强交流合作，共享优质教学资源
11,寺院常住僧众,女,36-50岁,5-10年,港澳台及海外,比较了解,其他、僧才培养体系规范化现代化、佛教实践服务社会利益人群,重要基础,教义时代化阐释能力不足,中等基本满足但有短板,戒律教育松弛流于形式、尼众教育资源明显不足、管理制度不健全,重要需结合现代伦理阐释,落实良好有机融合,已基本持平各有特色,佛学≤50%文化≥50%,基本了解知道核心事迹,至今仍是理想范式具普适性,佛学与文学并重课程设计、僧俗结合师资建设模式、传统丛林与现代教育融合,尼众群体有不可替代价值,意义不大应专注佛学修行,传统文化与现代知识素养充实、戒律教育系统化规范化、爱国主义教育深化,能时代化阐释学术型僧才、其他、精通佛学经典传承法脉宗教师,建立独立尼众教育体系,二者并重各取所长,希望增加国际交流机会，学习其他国家宗教教育的成功经验
12,佛学院在读学僧,女,36-50岁,5年以下,华东地区(沪苏浙皖闽赣鲁),非常了解,僧才培养体系规范化现代化、其他、教义阐释与传统文化融合,说不清楚,僧才社会服务意识与能力欠缺,优良体系完善,学修脱节理论与修行未结合、师资力量薄弱、佛学与文化课程比例失衡,重要需结合现代伦理阐释,落实一般存在两张皮,差距在缩小仍需更多投入,佛学≤50%文化≥50%,从未听说,历史贡献大于现实意义,佛学与文学并重课程设计、学修一体化培养模式、僧俗结合师资建设模式,佛教教育必须走出寺院服务社会,有一定意义不应过度强调,师资队伍专业化建设、戒律教育系统化规范化、社会服务与实践能力培养,爱国爱教合格僧才、能时代化阐释学术型僧才、其他,统一标准不性别差异化,以现代为主体保留传统内核,希望政府和社会各界给予佛学院更多的政策和资金支持
13,佛学院在读学僧,男,36-50岁,5年以下,西北地区(陕甘青宁新),比较了解,爱国爱教与社会主义相适应、僧才培养体系规范化现代化、其他,辅助性因素,教义时代化阐释能力不足,偏低与时代需求差距大,师资力量薄弱、戒律教育松弛流于形式、佛学与文化课程比例失衡,极其重要根本不可动摇,落实较差重学轻修或重修轻学,差距在缩小仍需更多投入,佛学50-60%文化40-50%,系统了解研读文献,核心精神可借鉴需调适,以戒为师戒律教育体系、培养爱国爱教年轻僧才、学修一体化培养模式,僧才教育是核心驱动力,比较重要应当坚持,戒律教育系统化规范化、社会服务与实践能力培养、其他,爱国爱教合格僧才、能时代化阐释学术型僧才、具备社会服务能力实践型僧才,建立独立尼众教育体系,二者并重各取所长,建议加强对佛教中国化理论的系统研究，形成有中国特色的佛教教育理论体系
14,宗教学/佛学研究者,女,26-35岁,11-20年,西南地区(川滇黔渝藏),不太了解,教义阐释与传统文化融合、僧团制度与社会规范适应、爱国爱教与社会主义相适应,辅助性因素,爱国主义教育停留表层,中等基本满足但有短板,师资力量薄弱、培养目标与社会需求脱节、其他,极其重要根本不可动摇,落实一般存在两张皮,不了解无法判断,佛学50-60%文化40-50%,仅听说过不了解具体,核心精神可借鉴需调适,以戒为师戒律教育体系、佛学与文学并重课程设计、学修一体化培养模式,佛教教育必须走出寺院服务社会,有一定意义不应过度强调,爱国主义教育深化、戒律教育系统化规范化、其他,具备社会服务能力实践型僧才、精通佛学经典传承法脉宗教师、能时代化阐释学术型僧才,统一标准不性别差异化,二者并重各取所长,应关注僧才的心理健康和情绪管理，增加相关课程
15,佛学院教师/法师,男,36-50岁,11-20年,华南地区(粤桂琼),一般了解,僧团制度与社会规范适应、僧才培养体系规范化现代化、教义阐释与传统文化融合,重要基础,爱国主义教育停留表层,中等基本满足但有短板,佛学与文化课程比例失衡、培养目标与社会需求脱节、其他,重要性一般应侧重文化素养社会能力,落实较差重学轻修或重修轻学,不了解无法判断,佛学70-80%文化20-30%,基本了解知道核心事迹,历史贡献大于现实意义,恢复二部僧戒戒律传承、以戒为师戒律教育体系、传统丛林与现代教育融合,僧才教育是核心驱动力,极其重要不可动摇,尼众教育资源专项扶持、戒律教育系统化规范化、社会服务与实践能力培养,具备社会服务能力实践型僧才、精通佛学经典传承法脉宗教师、爱国爱教合格僧才,建立独立尼众教育体系,以传统为根基现代为补充,佛学院应加强与普通高校的学术合作，提升学术水平
16,佛学院教师/法师,女,26-35岁,20年以上,华中地区(豫鄂湘),比较了解,佛教实践服务社会利益人群、爱国爱教与社会主义相适应、僧才培养体系规范化现代化,重要基础,戒律教育与现代伦理未衔接,偏低与时代需求差距大,戒律教育松弛流于形式、尼众教育资源明显不足、管理制度不健全,极其重要根本不可动摇,落实较差重学轻修或重修轻学,差距在缩小仍需更多投入,佛学≥90%文化≤10%,从未听说,核心精神可借鉴需调适,传统丛林与现代教育融合、佛学与文学并重课程设计、其他,僧才教育是核心驱动力,极其重要不可动摇,传统文化与现代知识素养充实、其他、社会服务与实践能力培养,具备社会服务能力实践型僧才、精通佛学经典传承法脉宗教师、具有国际视野复合型僧才,建立独立尼众教育体系,二者并重各取所长,学修一体化不能只停留在口号上，需要在课程设置和日常管理中真正落实
17,佛学院在读学僧,男,18-25岁,11-20年,西南地区(川滇黔渝藏),比较了解,教义阐释与传统文化融合、僧才培养体系规范化现代化、佛教实践服务社会利益人群,根本性支撑,教义时代化阐释能力不足,偏低与时代需求差距大,培养目标与社会需求脱节、师资力量薄弱、其他,极其重要根本不可动摇,落实一般存在两张皮,差距在缩小仍需更多投入,佛学50-60%文化40-50%,系统了解研读文献,核心精神可借鉴需调适,以戒为师戒律教育体系、培养爱国爱教年轻僧才、学修一体化培养模式,尼众群体有不可替代价值,比较重要应当坚持,尼众教育资源专项扶持、其他、爱国主义教育深化,其他、能时代化阐释学术型僧才、具备社会服务能力实践型僧才,建立独立尼众教育体系,二者并重各取所长,建议增加社会实践环节，让学僧走出寺院接触社会、服务人群
18,佛教院校管理人员,男,26-35岁,11-20年,西南地区(川滇黔渝藏),不太了解,教义阐释与传统文化融合、僧才培养体系规范化现代化、其他,重要基础,教义时代化阐释能力不足,偏低与时代需求差距大,管理制度不健全、培养目标与社会需求脱节、尼众教育资源明显不足,极其重要根本不可动摇,落实很差严重脱节,差距在缩小仍需更多投入,佛学≤50%文化≥50%,基本了解知道核心事迹,核心精神可借鉴需调适,以戒为师戒律教育体系、僧俗结合师资建设模式、学修一体化培养模式,尼众群体有不可替代价值,极其重要不可动摇,社会服务与实践能力培养、戒律教育系统化规范化、院校管理现代化,能时代化阐释学术型僧才、其他、精通佛学经典传承法脉宗教师,统一标准不性别差异化,以现代为主体保留传统内核,僧才教育应注重培养学僧的独立思考能力和创新精神
19,寺院常住僧众,女,36-50岁,未出家,华中地区(豫鄂湘),非常了解,僧才培养体系规范化现代化、僧团制度与社会规范适应、佛教实践服务社会利益人群,根本性支撑,教义时代化阐释能力不足,中等基本满足但有短板,培养目标与社会需求脱节、戒律教育松弛流于形式、管理制度不健全,重要需结合现代伦理阐释,落实较差重学轻修或重修轻学,差距明显尼众长期边缘,佛学50-60%文化40-50%,基本了解知道核心事迹,不了解无法评价,培养爱国爱教年轻僧才、其他、以戒为师戒律教育体系,佛教教育必须走出寺院服务社会,意义不大应专注佛学修行,社会服务与实践能力培养、爱国主义教育深化、戒律教育系统化规范化,其他、精通佛学经典传承法脉宗教师、具有国际视野复合型僧才,建立独立尼众教育体系,全面现代化传统不适应时代,爱国主义教育应融入日常教学，而非仅仅作为一门课程
20,佛学院在读学僧,男,51岁以上,11-20年,华北地区(京津冀晋蒙),非常了解,僧团制度与社会规范适应、爱国爱教与社会主义相适应、教义阐释与传统文化融合,根本性支撑,传统文化底蕴薄弱,中等基本满足但有短板,戒律教育松弛流于形式、尼众教育资源明显不足、佛学与文化课程比例失衡,重要需结合现代伦理阐释,落实较差重学轻修或重修轻学,差距明显尼众长期边缘,佛学70-80%文化20-30%,从未听说,至今仍是理想范式具普适性,其他、恢复二部僧戒戒律传承、培养爱国爱教年轻僧才,僧才教育是核心驱动力,比较重要应当坚持,传统文化与现代知识素养充实、戒律教育系统化规范化、社会服务与实践能力培养,具有国际视野复合型僧才、能管理寺院组织型僧才、具备社会服务能力实践型僧才,建立独立尼众教育体系,二者并重各取所长,隆莲法师的教育理念值得深入研究，建议将其纳入佛学院教材
21,宗教学/佛学研究者,男,36-50岁,5年以下,华东地区(沪苏浙皖闽赣鲁),一般了解,其他、僧团制度与社会规范适应、爱国爱教与社会主义相适应,根本性支撑,教义时代化阐释能力不足,中等基本满足但有短板,戒律教育松弛流于形式、尼众教育资源明显不足、培养目标与社会需求脱节,极其重要根本不可动摇,落实一般存在两张皮,差距在缩小仍需更多投入,佛学70-80%文化20-30%,仅听说过不了解具体,历史贡献大于现实意义,僧俗结合师资建设模式、佛学与文学并重课程设计、以戒为师戒律教育体系,僧才教育是核心驱动力,意义不大应专注佛学修行,尼众教育资源专项扶持、爱国主义教育深化、其他,爱国爱教合格僧才、其他、具有国际视野复合型僧才,建立独立尼众教育体系,以传统为根基现代为补充,爱国主义教育应融入日常教学，而非仅仅作为一门课程
22,佛学院在读学僧,男,26-35岁,5-10年,西南地区(川滇黔渝藏),一般了解,其他、教义阐释与传统文化融合、僧团制度与社会规范适应,根本性支撑,教义时代化阐释能力不足,中等基本满足但有短板,佛学与文化课程比例失衡、学修脱节理论与修行未结合、其他,重要需结合现代伦理阐释,落实一般存在两张皮,差距在缩小仍需更多投入,佛学50-60%文化40-50%,仅听说过不了解具体,核心精神可借鉴需调适,其他、恢复二部僧戒戒律传承、传统丛林与现代教育融合,其他,有一定意义不应过度强调,传统文化与现代知识素养充实、院校管理现代化、社会服务与实践能力培养,能管理寺院组织型僧才、精通佛学经典传承法脉宗教师、具有国际视野复合型僧才,说不清楚,二者并重各取所长,戒律教育需要与时俱进，在坚持根本戒律的前提下探索适应现代社会的形式
23,佛学院在读学僧,男,26-35岁,5年以下,西北地区(陕甘青宁新),一般了解,其他、佛教实践服务社会利益人群、爱国爱教与社会主义相适应,重要基础,教义时代化阐释能力不足,偏低与时代需求差距大,其他、尼众教育资源明显不足、培养目标与社会需求脱节,重要需结合现代伦理阐释,落实一般存在两张皮,已基本持平各有特色,佛学70-80%文化20-30%,仅听说过不了解具体,核心精神可借鉴需调适,恢复二部僧戒戒律传承、传统丛林与现代教育融合、以戒为师戒律教育体系,佛教教育必须走出寺院服务社会,比较重要应当坚持,爱国主义教育深化、院校管理现代化、其他,具有国际视野复合型僧才、能时代化阐释学术型僧才、爱国爱教合格僧才,建立独立尼众教育体系,二者并重各取所长,僧才培养应注重因材施教，根据学僧的不同特长制定个性化培养方案
24,佛学院在读学僧,男,26-35岁,5-10年,华东地区(沪苏浙皖闽赣鲁),比较了解,爱国爱教与社会主义相适应、僧才培养体系规范化现代化、其他,重要基础,戒律教育与现代伦理未衔接,偏低与时代需求差距大,师资力量薄弱、学修脱节理论与修行未结合、管理制度不健全,重要需结合现代伦理阐释,落实一般存在两张皮,差距在缩小仍需更多投入,佛学≥90%文化≤10%,系统了解研读文献,至今仍是理想范式具普适性,学修一体化培养模式、传统丛林与现代教育融合、恢复二部僧戒戒律传承,尼众群体有不可替代价值,极其重要不可动摇,其他、爱国主义教育深化、戒律教育系统化规范化,具备社会服务能力实践型僧才、具有国际视野复合型僧才、爱国爱教合格僧才,与男众基本一致细节区分,二者并重各取所长,戒律教育需要与时俱进，在坚持根本戒律的前提下探索适应现代社会的形式
25,佛学院教师/法师,男,26-35岁,5年以下,西南地区(川滇黔渝藏),非常了解,其他、爱国爱教与社会主义相适应、僧团制度与社会规范适应,重要基础,传统文化底蕴薄弱,亟需系统性改革,师资力量薄弱、其他、戒律教育松弛流于形式,极其重要根本不可动摇,落实一般存在两张皮,差距在缩小仍需更多投入,佛学50-60%文化40-50%,基本了解知道核心事迹,至今仍是理想范式具普适性,传统丛林与现代教育融合、培养爱国爱教年轻僧才、恢复二部僧戒戒律传承,僧才教育是核心驱动力,比较重要应当坚持,尼众教育资源专项扶持、戒律教育系统化规范化、社会服务与实践能力培养,能管理寺院组织型僧才、能时代化阐释学术型僧才、具备社会服务能力实践型僧才,统一标准不性别差异化,全面现代化传统不适应时代,建议加强对佛教中国化理论的系统研究，形成有中国特色的佛教教育理论体系
26,佛学院在读学僧,女,36-50岁,11-20年,华北地区(京津冀晋蒙),不太了解,其他、教义阐释与传统文化融合、僧才培养体系规范化现代化,说不清楚,戒律教育与现代伦理未衔接,中等基本满足但有短板,师资力量薄弱、佛学与文化课程比例失衡、管理制度不健全,重要需结合现代伦理阐释,落实很差严重脱节,差距在缩小仍需更多投入,佛学70-80%文化20-30%,基本了解知道核心事迹,至今仍是理想范式具普适性,恢复二部僧戒戒律传承、学修一体化培养模式、培养爱国爱教年轻僧才,其他,比较重要应当坚持,社会服务与实践能力培养、爱国主义教育深化、尼众教育资源专项扶持,精通佛学经典传承法脉宗教师、能管理寺院组织型僧才、能时代化阐释学术型僧才,建立独立尼众教育体系,二者并重各取所长,建议建立僧才毕业后跟踪评估机制，了解培养效果和社会适应情况
27,寺院常住僧众,男,26-35岁,11-20年,华北地区(京津冀晋蒙),一般了解,僧才培养体系规范化现代化、佛教实践服务社会利益人群、爱国爱教与社会主义相适应,重要基础,传统文化底蕴薄弱,偏低与时代需求差距大,管理制度不健全、戒律教育松弛流于形式、师资力量薄弱,极其重要根本不可动摇,落实良好有机融合,差距在缩小仍需更多投入,佛学50-60%文化40-50%,基本了解知道核心事迹,不了解无法评价,佛学与文学并重课程设计、其他、僧俗结合师资建设模式,尼众群体有不可替代价值,极其重要不可动摇,爱国主义教育深化、师资队伍专业化建设、传统文化与现代知识素养充实,能时代化阐释学术型僧才、精通佛学经典传承法脉宗教师、具有国际视野复合型僧才,建立独立尼众教育体系,以现代为主体保留传统内核,建议各佛学院之间加强交流合作，共享优质教学资源
28,佛学院在读学僧,女,51岁以上,11-20年,华东地区(沪苏浙皖闽赣鲁),一般了解,僧才培养体系规范化现代化、僧团制度与社会规范适应、爱国爱教与社会主义相适应,重要基础,僧才社会服务意识与能力欠缺,亟需系统性改革,尼众教育资源明显不足、戒律教育松弛流于形式、管理制度不健全,重要性一般应侧重文化素养社会能力,落实较差重学轻修或重修轻学,差距在缩小仍需更多投入,佛学50-60%文化40-50%,仅听说过不了解具体,核心精神可借鉴需调适,传统丛林与现代教育融合、培养爱国爱教年轻僧才、僧俗结合师资建设模式,僧才教育是核心驱动力,极其重要不可动摇,院校管理现代化、尼众教育资源专项扶持、爱国主义教育深化,精通佛学经典传承法脉宗教师、具有国际视野复合型僧才、能时代化阐释学术型僧才,说不清楚,以传统为根基现代为补充,建议加强对佛教中国化理论的系统研究，形成有中国特色的佛教教育理论体系
29,寺院常住僧众,男,36-50岁,5年以下,西北地区(陕甘青宁新),比较了解,教义阐释与传统文化融合、僧才培养体系规范化现代化、其他,说不清楚,其他,中等基本满足但有短板,其他、佛学与文化课程比例失衡、培养目标与社会需求脱节,重要需结合现代伦理阐释,落实很差严重脱节,差距在缩小仍需更多投入,佛学70-80%文化20-30%,基本了解知道核心事迹,核心精神可借鉴需调适,佛学与文学并重课程设计、传统丛林与现代教育融合、僧俗结合师资建设模式,佛教教育必须走出寺院服务社会,比较重要应当坚持,传统文化与现代知识素养充实、尼众教育资源专项扶持、戒律教育系统化规范化,具有国际视野复合型僧才、爱国爱教合格僧才、精通佛学经典传承法脉宗教师,与男众基本一致细节区分,二者并重各取所长,建议加强佛学院师资队伍建设，引进更多兼具佛学造诣与教学经验的优秀教师
30,佛学院在读学僧,女,51岁以上,5年以下,西南地区(川滇黔渝藏),非常了解,其他、教义阐释与传统文化融合、佛教实践服务社会利益人群,重要基础,僧才社会服务意识与能力欠缺,中等基本满足但有短板,管理制度不健全、学修脱节理论与修行未结合、其他,重要性一般应侧重文化素养社会能力,落实较差重学轻修或重修轻学,差距明显尼众长期边缘,佛学70-80%文化20-30%,基本了解知道核心事迹,至今仍是理想范式具普适性,佛学与文学并重课程设计、其他、以戒为师戒律教育体系,尼众群体有不可替代价值,极其重要不可动摇,院校管理现代化、社会服务与实践能力培养、其他,具有国际视野复合型僧才、具备社会服务能力实践型僧才、爱国爱教合格僧才,建立独立尼众教育体系,以现代为主体保留传统内核,爱国主义教育应融入日常教学，而非仅仅作为一门课程
31,宗教学/佛学研究者,女,36-50岁,5-10年,华东地区(沪苏浙皖闽赣鲁),一般了解,佛教实践服务社会利益人群、教义阐释与传统文化融合、其他,根本性支撑,戒律教育与现代伦理未衔接,中等基本满足但有短板,戒律教育松弛流于形式、其他、尼众教育资源明显不足,极其重要根本不可动摇,落实一般存在两张皮,差距明显尼众长期边缘,佛学50-60%文化40-50%,基本了解知道核心事迹,核心精神可借鉴需调适,培养爱国爱教年轻僧才、传统丛林与现代教育融合、以戒为师戒律教育体系,僧才教育是核心驱动力,比较重要应当坚持,传统文化与现代知识素养充实、戒律教育系统化规范化、师资队伍专业化建设,其他、具备社会服务能力实践型僧才、能管理寺院组织型僧才,建立独立尼众教育体系,以现代为主体保留传统内核,建议加强佛学院师资队伍建设，引进更多兼具佛学造诣与教学经验的优秀教师
32,寺院常住僧众,男,36-50岁,20年以上,港澳台及海外,比较了解,僧团制度与社会规范适应、僧才培养体系规范化现代化、其他,重要基础,戒律教育与现代伦理未衔接,中等基本满足但有短板,其他、师资力量薄弱、戒律教育松弛流于形式,极其重要根本不可动摇,落实良好有机融合,差距明显尼众长期边缘,佛学50-60%文化40-50%,仅听说过不了解具体,核心精神可借鉴需调适,僧俗结合师资建设模式、培养爱国爱教年轻僧才、其他,佛教教育必须走出寺院服务社会,极其重要不可动摇,社会服务与实践能力培养、尼众教育资源专项扶持、师资队伍专业化建设,具备社会服务能力实践型僧才、爱国爱教合格僧才、具有国际视野复合型僧才,与男众基本一致细节区分,二者并重各取所长,学修一体化不能只停留在口号上，需要在课程设置和日常管理中真正落实
33,佛学院教师/法师,女,26-35岁,未出家,华东地区(沪苏浙皖闽赣鲁),比较了解,僧才培养体系规范化现代化、其他、佛教实践服务社会利益人群,辅助性因素,传统文化底蕴薄弱,优良体系完善,师资力量薄弱、戒律教育松弛流于形式、尼众教育资源明显不足,不太重要,落实一般存在两张皮,差距在缩小仍需更多投入,佛学70-80%文化20-30%,基本了解知道核心事迹,核心精神可借鉴需调适,培养爱国爱教年轻僧才、以戒为师戒律教育体系、佛学与文学并重课程设计,爱国爱教是根本路径,极其重要不可动摇,院校管理现代化、爱国主义教育深化、传统文化与现代知识素养充实,具有国际视野复合型僧才、精通佛学经典传承法脉宗教师、爱国爱教合格僧才,说不清楚,以传统为根基现代为补充,建议增加社会实践环节，让学僧走出寺院接触社会、服务人群
34,佛学院在读学僧,男,51岁以上,11-20年,华东地区(沪苏浙皖闽赣鲁),比较了解,僧团制度与社会规范适应、僧才培养体系规范化现代化、教义阐释与传统文化融合,重要基础,教义时代化阐释能力不足,中等基本满足但有短板,学修脱节理论与修行未结合、戒律教育松弛流于形式、佛学与文化课程比例失衡,极其重要根本不可动摇,落实较差重学轻修或重修轻学,差距明显尼众长期边缘,佛学50-60%文化40-50%,仅听说过不了解具体,核心精神可借鉴需调适,僧俗结合师资建设模式、恢复二部僧戒戒律传承、学修一体化培养模式,爱国爱教是根本路径,比较重要应当坚持,院校管理现代化、其他、爱国主义教育深化,能时代化阐释学术型僧才、具有国际视野复合型僧才、其他,建立独立尼众教育体系,二者并重各取所长,建议各佛学院之间加强交流合作，共享优质教学资源
35,佛教院校管理人员,男,51岁以上,5年以下,华南地区(粤桂琼),非常了解,爱国爱教与社会主义相适应、教义阐释与传统文化融合、僧才培养体系规范化现代化,辅助性因素,僧才社会服务意识与能力欠缺,优良体系完善,戒律教育松弛流于形式、培养目标与社会需求脱节、管理制度不健全,极其重要根本不可动摇,落实一般存在两张皮,差距在缩小仍需更多投入,佛学≤50%文化≥50%,系统了解研读文献,核心精神可借鉴需调适,培养爱国爱教年轻僧才、僧俗结合师资建设模式、恢复二部僧戒戒律传承,尼众群体有不可替代价值,意义不大应专注佛学修行,戒律教育系统化规范化、其他、院校管理现代化,其他、精通佛学经典传承法脉宗教师、能时代化阐释学术型僧才,与男众基本一致细节区分,二者并重各取所长,建议增加信息技术和新媒体应用方面的课程
36,佛教院校管理人员,男,26-35岁,5年以下,西北地区(陕甘青宁新),非常了解,教义阐释与传统文化融合、佛教实践服务社会利益人群、僧才培养体系规范化现代化,重要基础,传统文化底蕴薄弱,中等基本满足但有短板,师资力量薄弱、培养目标与社会需求脱节、尼众教育资源明显不足,极其重要根本不可动摇,落实一般存在两张皮,差距明显尼众长期边缘,佛学50-60%文化40-50%,基本了解知道核心事迹,核心精神可借鉴需调适,恢复二部僧戒戒律传承、传统丛林与现代教育融合、培养爱国爱教年轻僧才,僧才教育是核心驱动力,极其重要不可动摇,尼众教育资源专项扶持、社会服务与实践能力培养、戒律教育系统化规范化,爱国爱教合格僧才、能时代化阐释学术型僧才、精通佛学经典传承法脉宗教师,建立独立尼众教育体系,以现代为主体保留传统内核,隆莲法师的教育理念值得深入研究，建议将其纳入佛学院教材
37,佛教院校管理人员,男,26-35岁,未出家,西南地区(川滇黔渝藏),一般了解,佛教实践服务社会利益人群、僧才培养体系规范化现代化、爱国爱教与社会主义相适应,根本性支撑,戒律教育与现代伦理未衔接,中等基本满足但有短板,师资力量薄弱、管理制度不健全、学修脱节理论与修行未结合,重要性一般应侧重文化素养社会能力,落实一般存在两张皮,差距明显尼众长期边缘,佛学50-60%文化40-50%,从未听说,核心精神可借鉴需调适,以戒为师戒律教育体系、其他、恢复二部僧戒戒律传承,传统戒律与现代伦理可融合,比较重要应当坚持,其他、爱国主义教育深化、戒律教育系统化规范化,精通佛学经典传承法脉宗教师、具备社会服务能力实践型僧才、具有国际视野复合型僧才,建立独立尼众教育体系,以传统为根基现代为补充,学修一体化不能只停留在口号上，需要在课程设置和日常管理中真正落实
38,其他,女,36-50岁,5-10年,华东地区(沪苏浙皖闽赣鲁),比较了解,爱国爱教与社会主义相适应、佛教实践服务社会利益人群、僧团制度与社会规范适应,重要基础,僧才社会服务意识与能力欠缺,亟需系统性改革,管理制度不健全、学修脱节理论与修行未结合、佛学与文化课程比例失衡,极其重要根本不可动摇,落实较差重学轻修或重修轻学,差距明显尼众长期边缘,佛学≤50%文化≥50%,从未听说,至今仍是理想范式具普适性,传统丛林与现代教育融合、学修一体化培养模式、佛学与文学并重课程设计,爱国爱教是根本路径,比较重要应当坚持,戒律教育系统化规范化、师资队伍专业化建设、传统文化与现代知识素养充实,爱国爱教合格僧才、能时代化阐释学术型僧才、具备社会服务能力实践型僧才,统一标准不性别差异化,以传统为根基现代为补充,建议加强佛学院师资队伍建设，引进更多兼具佛学造诣与教学经验的优秀教师
39,佛学院在读学僧,女,51岁以上,5-10年,华东地区(沪苏浙皖闽赣鲁),非常了解,爱国爱教与社会主义相适应、僧才培养体系规范化现代化、佛教实践服务社会利益人群,根本性支撑,教义时代化阐释能力不足,中等基本满足但有短板,其他、师资力量薄弱、尼众教育资源明显不足,重要需结合现代伦理阐释,落实一般存在两张皮,差距在缩小仍需更多投入,佛学50-60%文化40-50%,系统了解研读文献,不了解无法评价,僧俗结合师资建设模式、学修一体化培养模式、培养爱国爱教年轻僧才,僧才教育是核心驱动力,极其重要不可动摇,社会服务与实践能力培养、其他、师资队伍专业化建设,具有国际视野复合型僧才、其他、爱国爱教合格僧才,统一标准不性别差异化,二者并重各取所长,建议各佛学院之间加强交流合作，共享优质教学资源
40,寺院常住僧众,男,51岁以上,11-20年,西南地区(川滇黔渝藏),非常了解,僧团制度与社会规范适应、爱国爱教与社会主义相适应、僧才培养体系规范化现代化,根本性支撑,戒律教育与现代伦理未衔接,亟需系统性改革,师资力量薄弱、其他、戒律教育松弛流于形式,极其重要根本不可动摇,落实很差严重脱节,差距在缩小仍需更多投入,佛学≤50%文化≥50%,仅听说过不了解具体,历史贡献大于现实意义,培养爱国爱教年轻僧才、以戒为师戒律教育体系、学修一体化培养模式,爱国爱教是根本路径,比较重要应当坚持,其他、尼众教育资源专项扶持、院校管理现代化,具有国际视野复合型僧才、能时代化阐释学术型僧才、其他,统一标准不性别差异化,二者并重各取所长,僧才教育应注重培养学僧的独立思考能力和创新精神
41,佛学院在读学僧,男,51岁以上,11-20年,西南地区(川滇黔渝藏),不太了解,僧才培养体系规范化现代化、僧团制度与社会规范适应、其他,根本性支撑,教义时代化阐释能力不足,中等基本满足但有短板,其他、尼众教育资源明显不足、师资力量薄弱,极其重要根本不可动摇,落实一般存在两张皮,差距在缩小仍需更多投入,佛学50-60%文化40-50%,基本了解知道核心事迹,历史贡献大于现实意义,其他、僧俗结合师资建设模式、传统丛林与现代教育融合,尼众群体有不可替代价值,极其重要不可动摇,戒律教育系统化规范化、传统文化与现代知识素养充实、师资队伍专业化建设,其他、具备社会服务能力实践型僧才、能时代化阐释学术型僧才,建立独立尼众教育体系,二者并重各取所长,爱国主义教育应融入日常教学，而非仅仅作为一门课程
42,佛教院校管理人员,男,51岁以上,5-10年,西南地区(川滇黔渝藏),比较了解,佛教实践服务社会利益人群、僧团制度与社会规范适应、爱国爱教与社会主义相适应,辅助性因素,僧才社会服务意识与能力欠缺,中等基本满足但有短板,佛学与文化课程比例失衡、尼众教育资源明显不足、培养目标与社会需求脱节,重要性一般应侧重文化素养社会能力,落实较差重学轻修或重修轻学,差距明显尼众长期边缘,佛学70-80%文化20-30%,基本了解知道核心事迹,核心精神可借鉴需调适,传统丛林与现代教育融合、学修一体化培养模式、僧俗结合师资建设模式,尼众群体有不可替代价值,意义不大应专注佛学修行,传统文化与现代知识素养充实、其他、尼众教育资源专项扶持,能管理寺院组织型僧才、其他、具有国际视野复合型僧才,建立独立尼众教育体系,以传统为根基现代为补充,建议各佛学院之间加强交流合作，共享优质教学资源
43,寺院常住僧众,男,26-35岁,11-20年,华东地区(沪苏浙皖闽赣鲁),非常了解,教义阐释与传统文化融合、僧团制度与社会规范适应、其他,根本性支撑,传统文化底蕴薄弱,中等基本满足但有短板,管理制度不健全、佛学与文化课程比例失衡、戒律教育松弛流于形式,重要性一般应侧重文化素养社会能力,落实一般存在两张皮,差距在缩小仍需更多投入,佛学70-80%文化20-30%,基本了解知道核心事迹,至今仍是理想范式具普适性,以戒为师戒律教育体系、恢复二部僧戒戒律传承、僧俗结合师资建设模式,传统戒律与现代伦理可融合,极其重要不可动摇,师资队伍专业化建设、其他、爱国主义教育深化,能管理寺院组织型僧才、具备社会服务能力实践型僧才、能时代化阐释学术型僧才,统一标准不性别差异化,以传统为根基现代为补充,爱国主义教育应融入日常教学，而非仅仅作为一门课程
44,寺院常住僧众,男,36-50岁,20年以上,西南地区(川滇黔渝藏),一般了解,僧团制度与社会规范适应、佛教实践服务社会利益人群、教义阐释与传统文化融合,辅助性因素,教义时代化阐释能力不足,中等基本满足但有短板,尼众教育资源明显不足、学修脱节理论与修行未结合、师资力量薄弱,重要需结合现代伦理阐释,落实较差重学轻修或重修轻学,差距明显尼众长期边缘,佛学50-60%文化40-50%,仅听说过不了解具体,核心精神可借鉴需调适,佛学与文学并重课程设计、学修一体化培养模式、传统丛林与现代教育融合,僧才教育是核心驱动力,极其重要不可动摇,爱国主义教育深化、传统文化与现代知识素养充实、其他,能时代化阐释学术型僧才、具备社会服务能力实践型僧才、具有国际视野复合型僧才,与男众基本一致细节区分,以现代为主体保留传统内核,僧才培养应注重因材施教，根据学僧的不同特长制定个性化培养方案
45,佛学院教师/法师,男,18-25岁,20年以上,西北地区(陕甘青宁新),比较了解,佛教实践服务社会利益人群、僧才培养体系规范化现代化、教义阐释与传统文化融合,重要基础,僧才社会服务意识与能力欠缺,亟需系统性改革,培养目标与社会需求脱节、其他、管理制度不健全,极其重要根本不可动摇,落实一般存在两张皮,差距在缩小仍需更多投入,佛学≥90%文化≤10%,基本了解知道核心事迹,至今仍是理想范式具普适性,恢复二部僧戒戒律传承、学修一体化培养模式、以戒为师戒律教育体系,僧才教育是核心驱动力,有一定意义不应过度强调,戒律教育系统化规范化、爱国主义教育深化、尼众教育资源专项扶持,爱国爱教合格僧才、具备社会服务能力实践型僧才、精通佛学经典传承法脉宗教师,与男众基本一致细节区分,以传统为根基现代为补充,爱国主义教育应融入日常教学，而非仅仅作为一门课程
46,寺院常住僧众,女,26-35岁,20年以上,西南地区(川滇黔渝藏),比较了解,僧才培养体系规范化现代化、爱国爱教与社会主义相适应、教义阐释与传统文化融合,重要基础,传统文化底蕴薄弱,优良体系完善,培养目标与社会需求脱节、其他、学修脱节理论与修行未结合,重要需结合现代伦理阐释,落实较差重学轻修或重修轻学,不了解无法判断,佛学50-60%文化40-50%,基本了解知道核心事迹,至今仍是理想范式具普适性,其他、以戒为师戒律教育体系、传统丛林与现代教育融合,尼众群体有不可替代价值,意义不大应专注佛学修行,戒律教育系统化规范化、传统文化与现代知识素养充实、尼众教育资源专项扶持,能时代化阐释学术型僧才、爱国爱教合格僧才、具有国际视野复合型僧才,与男众基本一致细节区分,二者并重各取所长,僧才教育应注重培养学僧的独立思考能力和创新精神
47,佛学院教师/法师,女,18-25岁,5-10年,西北地区(陕甘青宁新),非常了解,其他、僧团制度与社会规范适应、僧才培养体系规范化现代化,根本性支撑,传统文化底蕴薄弱,中等基本满足但有短板,学修脱节理论与修行未结合、尼众教育资源明显不足、其他,极其重要根本不可动摇,落实一般存在两张皮,差距明显尼众长期边缘,佛学≥90%文化≤10%,基本了解知道核心事迹,核心精神可借鉴需调适,学修一体化培养模式、传统丛林与现代教育融合、其他,尼众群体有不可替代价值,比较重要应当坚持,戒律教育系统化规范化、师资队伍专业化建设、院校管理现代化,能管理寺院组织型僧才、爱国爱教合格僧才、能时代化阐释学术型僧才,建立独立尼众教育体系,二者并重各取所长,希望政府和社会各界给予佛学院更多的政策和资金支持
48,寺院常住僧众,男,18-25岁,未出家,华南地区(粤桂琼),比较了解,爱国爱教与社会主义相适应、僧团制度与社会规范适应、佛教实践服务社会利益人群,重要基础,爱国主义教育停留表层,亟需系统性改革,师资力量薄弱、培养目标与社会需求脱节、管理制度不健全,极其重要根本不可动摇,落实较差重学轻修或重修轻学,已基本持平各有特色,佛学≥90%文化≤10%,基本了解知道核心事迹,至今仍是理想范式具普适性,恢复二部僧戒戒律传承、培养爱国爱教年轻僧才、僧俗结合师资建设模式,佛教教育必须走出寺院服务社会,比较重要应当坚持,爱国主义教育深化、院校管理现代化、其他,具备社会服务能力实践型僧才、能时代化阐释学术型僧才、其他,说不清楚,二者并重各取所长,学修一体化不能只停留在口号上，需要在课程设置和日常管理中真正落实
49,宗教学/佛学研究者,男,36-50岁,11-20年,华南地区(粤桂琼),比较了解,其他、僧团制度与社会规范适应、爱国爱教与社会主义相适应,根本性支撑,传统文化底蕴薄弱,中等基本满足但有短板,学修脱节理论与修行未结合、管理制度不健全、师资力量薄弱,重要需结合现代伦理阐释,落实较差重学轻修或重修轻学,差距明显尼众长期边缘,佛学70-80%文化20-30%,系统了解研读文献,核心精神可借鉴需调适,学修一体化培养模式、培养爱国爱教年轻僧才、以戒为师戒律教育体系,传统戒律与现代伦理可融合,比较重要应当坚持,爱国主义教育深化、传统文化与现代知识素养充实、社会服务与实践能力培养,精通佛学经典传承法脉宗教师、爱国爱教合格僧才、其他,统一标准不性别差异化,二者并重各取所长,希望增加国际交流机会，学习其他国家宗教教育的成功经验
50,宗教学/佛学研究者,女,36-50岁,20年以上,华东地区(沪苏浙皖闽赣鲁),不太了解,爱国爱教与社会主义相适应、僧才培养体系规范化现代化、佛教实践服务社会利益人群,根本性支撑,教义时代化阐释能力不足,中等基本满足但有短板,其他、培养目标与社会需求脱节、学修脱节理论与修行未结合,极其重要根本不可动摇,落实一般存在两张皮,差距明显尼众长期边缘,佛学70-80%文化20-30%,系统了解研读文献,核心精神可借鉴需调适,传统丛林与现代教育融合、佛学与文学并重课程设计、恢复二部僧戒戒律传承,佛教教育必须走出寺院服务社会,极其重要不可动摇,师资队伍专业化建设、院校管理现代化、社会服务与实践能力培养,能时代化阐释学术型僧才、具备社会服务能力实践型僧才、精通佛学经典传承法脉宗教师,统一标准不性别差异化,全面现代化传统不适应时代,僧才培养应注重因材施教，根据学僧的不同特长制定个性化培养方案
51,佛学院在读学僧,男,36-50岁,5年以下,华东地区(沪苏浙皖闽赣鲁),不太了解,其他、爱国爱教与社会主义相适应、教义阐释与传统文化融合,重要基础,教义时代化阐释能力不足,中等基本满足但有短板,戒律教育松弛流于形式、尼众教育资源明显不足、其他,极其重要根本不可动摇,落实较差重学轻修或重修轻学,差距明显尼众长期边缘,佛学≥90%文化≤10%,系统了解研读文献,核心精神可借鉴需调适,传统丛林与现代教育融合、佛学与文学并重课程设计、其他,传统戒律与现代伦理可融合,意义不大应专注佛学修行,传统文化与现代知识素养充实、师资队伍专业化建设、爱国主义教育深化,能时代化阐释学术型僧才、具备社会服务能力实践型僧才、具有国际视野复合型僧才,建立独立尼众教育体系,二者并重各取所长,僧才培养应注重因材施教，根据学僧的不同特长制定个性化培养方案
52,佛学院教师/法师,女,36-50岁,20年以上,华北地区(京津冀晋蒙),比较了解,爱国爱教与社会主义相适应、教义阐释与传统文化融合、僧团制度与社会规范适应,说不清楚,爱国主义教育停留表层,亟需系统性改革,师资力量薄弱、尼众教育资源明显不足、学修脱节理论与修行未结合,重要需结合现代伦理阐释,落实一般存在两张皮,差距在缩小仍需更多投入,佛学≤50%文化≥50%,仅听说过不了解具体,历史贡献大于现实意义,传统丛林与现代教育融合、佛学与文学并重课程设计、恢复二部僧戒戒律传承,僧才教育是核心驱动力,比较重要应当坚持,爱国主义教育深化、社会服务与实践能力培养、尼众教育资源专项扶持,能管理寺院组织型僧才、具有国际视野复合型僧才、精通佛学经典传承法脉宗教师,建立独立尼众教育体系,以现代为主体保留传统内核,学修一体化不能只停留在口号上，需要在课程设置和日常管理中真正落实
53,佛学院教师/法师,女,51岁以上,5-10年,华东地区(沪苏浙皖闽赣鲁),比较了解,爱国爱教与社会主义相适应、教义阐释与传统文化融合、僧才培养体系规范化现代化,根本性支撑,教义时代化阐释能力不足,偏低与时代需求差距大,戒律教育松弛流于形式、其他、管理制度不健全,重要需结合现代伦理阐释,落实一般存在两张皮,差距在缩小仍需更多投入,佛学≥90%文化≤10%,基本了解知道核心事迹,至今仍是理想范式具普适性,以戒为师戒律教育体系、学修一体化培养模式、佛学与文学并重课程设计,僧才教育是核心驱动力,比较重要应当坚持,其他、爱国主义教育深化、院校管理现代化,爱国爱教合格僧才、精通佛学经典传承法脉宗教师、其他,建立独立尼众教育体系,以传统为根基现代为补充,建议增加社会实践环节，让学僧走出寺院接触社会、服务人群
54,佛学院教师/法师,女,18-25岁,20年以上,华南地区(粤桂琼),非常了解,僧才培养体系规范化现代化、佛教实践服务社会利益人群、其他,重要基础,僧才社会服务意识与能力欠缺,中等基本满足但有短板,培养目标与社会需求脱节、佛学与文化课程比例失衡、尼众教育资源明显不足,重要需结合现代伦理阐释,落实较差重学轻修或重修轻学,不了解无法判断,佛学50-60%文化40-50%,仅听说过不了解具体,至今仍是理想范式具普适性,学修一体化培养模式、僧俗结合师资建设模式、其他,传统戒律与现代伦理可融合,极其重要不可动摇,传统文化与现代知识素养充实、其他、师资队伍专业化建设,能管理寺院组织型僧才、具备社会服务能力实践型僧才、其他,统一标准不性别差异化,以传统为根基现代为补充,爱国主义教育应融入日常教学，而非仅仅作为一门课程
55,寺院常住僧众,男,36-50岁,11-20年,东北地区(辽吉黑),比较了解,教义阐释与传统文化融合、爱国爱教与社会主义相适应、僧才培养体系规范化现代化,根本性支撑,传统文化底蕴薄弱,优良体系完善,戒律教育松弛流于形式、其他、佛学与文化课程比例失衡,极其重要根本不可动摇,落实一般存在两张皮,差距在缩小仍需更多投入,佛学70-80%文化20-30%,基本了解知道核心事迹,至今仍是理想范式具普适性,培养爱国爱教年轻僧才、传统丛林与现代教育融合、学修一体化培养模式,尼众群体有不可替代价值,比较重要应当坚持,社会服务与实践能力培养、其他、传统文化与现代知识素养充实,具备社会服务能力实践型僧才、精通佛学经典传承法脉宗教师、能管理寺院组织型僧才,与男众基本一致细节区分,全面现代化传统不适应时代,建议建立僧才教育质量评估体系，定期进行自我检视和改进
56,寺院常住僧众,女,36-50岁,未出家,华中地区(豫鄂湘),不太了解,教义阐释与传统文化融合、佛教实践服务社会利益人群、其他,说不清楚,教义时代化阐释能力不足,偏低与时代需求差距大,尼众教育资源明显不足、培养目标与社会需求脱节、管理制度不健全,重要需结合现代伦理阐释,落实较差重学轻修或重修轻学,差距在缩小仍需更多投入,佛学50-60%文化40-50%,仅听说过不了解具体,至今仍是理想范式具普适性,以戒为师戒律教育体系、培养爱国爱教年轻僧才、佛学与文学并重课程设计,其他,比较重要应当坚持,社会服务与实践能力培养、院校管理现代化、尼众教育资源专项扶持,能管理寺院组织型僧才、能时代化阐释学术型僧才、具备社会服务能力实践型僧才,建立独立尼众教育体系,二者并重各取所长,建议建立僧才教育质量评估体系，定期进行自我检视和改进
57,寺院常住僧众,男,18-25岁,20年以上,华中地区(豫鄂湘),比较了解,教义阐释与传统文化融合、其他、佛教实践服务社会利益人群,辅助性因素,教义时代化阐释能力不足,中等基本满足但有短板,其他、尼众教育资源明显不足、师资力量薄弱,极其重要根本不可动摇,落实一般存在两张皮,差距明显尼众长期边缘,佛学70-80%文化20-30%,仅听说过不了解具体,至今仍是理想范式具普适性,佛学与文学并重课程设计、以戒为师戒律教育体系、传统丛林与现代教育融合,尼众群体有不可替代价值,比较重要应当坚持,院校管理现代化、传统文化与现代知识素养充实、爱国主义教育深化,精通佛学经典传承法脉宗教师、具备社会服务能力实践型僧才、具有国际视野复合型僧才,建立独立尼众教育体系,二者并重各取所长,建议建立僧才毕业后跟踪评估机制，了解培养效果和社会适应情况
58,佛学院在读学僧,男,26-35岁,未出家,华中地区(豫鄂湘),一般了解,爱国爱教与社会主义相适应、僧才培养体系规范化现代化、其他,重要基础,传统文化底蕴薄弱,偏低与时代需求差距大,其他、学修脱节理论与修行未结合、佛学与文化课程比例失衡,不太重要,落实很差严重脱节,不了解无法判断,佛学≥90%文化≤10%,仅听说过不了解具体,核心精神可借鉴需调适,恢复二部僧戒戒律传承、培养爱国爱教年轻僧才、佛学与文学并重课程设计,传统戒律与现代伦理可融合,意义不大应专注佛学修行,尼众教育资源专项扶持、传统文化与现代知识素养充实、社会服务与实践能力培养,能管理寺院组织型僧才、具备社会服务能力实践型僧才、能时代化阐释学术型僧才,统一标准不性别差异化,以现代为主体保留传统内核,建议加强佛学院师资队伍建设，引进更多兼具佛学造诣与教学经验的优秀教师
59,佛学院在读学僧,女,18-25岁,11-20年,华南地区(粤桂琼),比较了解,教义阐释与传统文化融合、其他、僧才培养体系规范化现代化,重要基础,戒律教育与现代伦理未衔接,优良体系完善,管理制度不健全、其他、师资力量薄弱,极其重要根本不可动摇,落实一般存在两张皮,差距明显尼众长期边缘,佛学70-80%文化20-30%,仅听说过不了解具体,至今仍是理想范式具普适性,培养爱国爱教年轻僧才、佛学与文学并重课程设计、以戒为师戒律教育体系,僧才教育是核心驱动力,比较重要应当坚持,社会服务与实践能力培养、爱国主义教育深化、师资队伍专业化建设,具备社会服务能力实践型僧才、爱国爱教合格僧才、能时代化阐释学术型僧才,说不清楚,二者并重各取所长,建议加强佛学院师资队伍建设，引进更多兼具佛学造诣与教学经验的优秀教师
60,寺院常住僧众,男,36-50岁,5年以下,华东地区(沪苏浙皖闽赣鲁),一般了解,教义阐释与传统文化融合、僧才培养体系规范化现代化、僧团制度与社会规范适应,根本性支撑,教义时代化阐释能力不足,中等基本满足但有短板,师资力量薄弱、培养目标与社会需求脱节、管理制度不健全,极其重要根本不可动摇,落实良好有机融合,不了解无法判断,佛学70-80%文化20-30%,基本了解知道核心事迹,至今仍是理想范式具普适性,学修一体化培养模式、培养爱国爱教年轻僧才、其他,爱国爱教是根本路径,极其重要不可动摇,爱国主义教育深化、传统文化与现代知识素养充实、社会服务与实践能力培养,具有国际视野复合型僧才、能管理寺院组织型僧才、能时代化阐释学术型僧才,统一标准不性别差异化,二者并重各取所长,佛学院应加强与普通高校的学术合作，提升学术水平
61,佛学院在读学僧,女,51岁以上,未出家,华中地区(豫鄂湘),一般了解,其他、爱国爱教与社会主义相适应、僧才培养体系规范化现代化,根本性支撑,爱国主义教育停留表层,亟需系统性改革,戒律教育松弛流于形式、师资力量薄弱、培养目标与社会需求脱节,极其重要根本不可动摇,落实一般存在两张皮,不了解无法判断,佛学50-60%文化40-50%,系统了解研读文献,核心精神可借鉴需调适,其他、佛学与文学并重课程设计、传统丛林与现代教育融合,传统戒律与现代伦理可融合,极其重要不可动摇,社会服务与实践能力培养、爱国主义教育深化、传统文化与现代知识素养充实,精通佛学经典传承法脉宗教师、能时代化阐释学术型僧才、爱国爱教合格僧才,说不清楚,以现代为主体保留传统内核,建议各佛学院之间加强交流合作，共享优质教学资源
62,佛学院在读学僧,女,26-35岁,5年以下,华中地区(豫鄂湘),比较了解,教义阐释与传统文化融合、僧才培养体系规范化现代化、其他,根本性支撑,爱国主义教育停留表层,中等基本满足但有短板,佛学与文化课程比例失衡、学修脱节理论与修行未结合、其他,极其重要根本不可动摇,落实一般存在两张皮,差距在缩小仍需更多投入,佛学70-80%文化20-30%,基本了解知道核心事迹,至今仍是理想范式具普适性,学修一体化培养模式、以戒为师戒律教育体系、佛学与文学并重课程设计,爱国爱教是根本路径,比较重要应当坚持,爱国主义教育深化、其他、传统文化与现代知识素养充实,精通佛学经典传承法脉宗教师、具有国际视野复合型僧才、具备社会服务能力实践型僧才,建立独立尼众教育体系,以传统为根基现代为补充,僧才培养应注重因材施教，根据学僧的不同特长制定个性化培养方案
63,佛学院在读学僧,女,18-25岁,5年以下,华南地区(粤桂琼),一般了解,僧团制度与社会规范适应、爱国爱教与社会主义相适应、教义阐释与传统文化融合,说不清楚,爱国主义教育停留表层,中等基本满足但有短板,学修脱节理论与修行未结合、管理制度不健全、佛学与文化课程比例失衡,极其重要根本不可动摇,落实一般存在两张皮,已基本持平各有特色,佛学≤50%文化≥50%,仅听说过不了解具体,核心精神可借鉴需调适,传统丛林与现代教育融合、佛学与文学并重课程设计、培养爱国爱教年轻僧才,佛教教育必须走出寺院服务社会,比较重要应当坚持,爱国主义教育深化、社会服务与实践能力培养、传统文化与现代知识素养充实,精通佛学经典传承法脉宗教师、具备社会服务能力实践型僧才、能管理寺院组织型僧才,建立独立尼众教育体系,以现代为主体保留传统内核,戒律教育需要与时俱进，在坚持根本戒律的前提下探索适应现代社会的形式
64,佛学院在读学僧,女,18-25岁,5-10年,华中地区(豫鄂湘),不太了解,佛教实践服务社会利益人群、教义阐释与传统文化融合、僧才培养体系规范化现代化,辅助性因素,传统文化底蕴薄弱,中等基本满足但有短板,其他、佛学与文化课程比例失衡、培养目标与社会需求脱节,极其重要根本不可动摇,落实一般存在两张皮,差距明显尼众长期边缘,佛学70-80%文化20-30%,系统了解研读文献,核心精神可借鉴需调适,以戒为师戒律教育体系、传统丛林与现代教育融合、僧俗结合师资建设模式,尼众群体有不可替代价值,意义不大应专注佛学修行,爱国主义教育深化、师资队伍专业化建设、其他,爱国爱教合格僧才、具有国际视野复合型僧才、能时代化阐释学术型僧才,建立独立尼众教育体系,二者并重各取所长,佛学院应加强与普通高校的学术合作，提升学术水平
65,佛学院在读学僧,女,26-35岁,20年以上,华东地区(沪苏浙皖闽赣鲁),比较了解,教义阐释与传统文化融合、其他、僧才培养体系规范化现代化,重要基础,传统文化底蕴薄弱,偏低与时代需求差距大,尼众教育资源明显不足、其他、培养目标与社会需求脱节,重要需结合现代伦理阐释,落实较差重学轻修或重修轻学,已基本持平各有特色,佛学70-80%文化20-30%,从未听说,核心精神可借鉴需调适,僧俗结合师资建设模式、学修一体化培养模式、培养爱国爱教年轻僧才,僧才教育是核心驱动力,极其重要不可动摇,其他、院校管理现代化、社会服务与实践能力培养,精通佛学经典传承法脉宗教师、能时代化阐释学术型僧才、爱国爱教合格僧才,建立独立尼众教育体系,二者并重各取所长,僧才培养应注重因材施教，根据学僧的不同特长制定个性化培养方案
66,佛学院教师/法师,女,36-50岁,11-20年,华南地区(粤桂琼),非常了解,僧团制度与社会规范适应、其他、爱国爱教与社会主义相适应,根本性支撑,教义时代化阐释能力不足,中等基本满足但有短板,戒律教育松弛流于形式、学修脱节理论与修行未结合、管理制度不健全,极其重要根本不可动摇,落实一般存在两张皮,差距在缩小仍需更多投入,佛学50-60%文化40-50%,系统了解研读文献,核心精神可借鉴需调适,其他、僧俗结合师资建设模式、培养爱国爱教年轻僧才,爱国爱教是根本路径,极其重要不可动摇,尼众教育资源专项扶持、社会服务与实践能力培养、戒律教育系统化规范化,能时代化阐释学术型僧才、具备社会服务能力实践型僧才、精通佛学经典传承法脉宗教师,建立独立尼众教育体系,以传统为根基现代为补充,应关注僧才的心理健康和情绪管理，增加相关课程
67,宗教学/佛学研究者,女,26-35岁,11-20年,华北地区(京津冀晋蒙),不太了解,教义阐释与传统文化融合、其他、僧才培养体系规范化现代化,根本性支撑,戒律教育与现代伦理未衔接,中等基本满足但有短板,管理制度不健全、戒律教育松弛流于形式、佛学与文化课程比例失衡,重要需结合现代伦理阐释,落实一般存在两张皮,差距在缩小仍需更多投入,佛学50-60%文化40-50%,仅听说过不了解具体,至今仍是理想范式具普适性,其他、僧俗结合师资建设模式、佛学与文学并重课程设计,爱国爱教是根本路径,极其重要不可动摇,传统文化与现代知识素养充实、院校管理现代化、社会服务与实践能力培养,具备社会服务能力实践型僧才、其他、具有国际视野复合型僧才,建立独立尼众教育体系,以现代为主体保留传统内核,隆莲法师的教育理念值得深入研究，建议将其纳入佛学院教材
68,宗教学/佛学研究者,女,36-50岁,20年以上,华南地区(粤桂琼),一般了解,佛教实践服务社会利益人群、僧才培养体系规范化现代化、其他,重要基础,传统文化底蕴薄弱,偏低与时代需求差距大,师资力量薄弱、佛学与文化课程比例失衡、培养目标与社会需求脱节,极其重要根本不可动摇,落实很差严重脱节,差距在缩小仍需更多投入,佛学70-80%文化20-30%,系统了解研读文献,核心精神可借鉴需调适,培养爱国爱教年轻僧才、佛学与文学并重课程设计、学修一体化培养模式,传统戒律与现代伦理可融合,比较重要应当坚持,爱国主义教育深化、社会服务与实践能力培养、其他,爱国爱教合格僧才、具备社会服务能力实践型僧才、具有国际视野复合型僧才,建立独立尼众教育体系,二者并重各取所长,建议增加社会实践环节，让学僧走出寺院接触社会、服务人群
69,其他,女,18-25岁,5-10年,华中地区(豫鄂湘),非常了解,爱国爱教与社会主义相适应、僧团制度与社会规范适应、其他,重要基础,戒律教育与现代伦理未衔接,中等基本满足但有短板,管理制度不健全、师资力量薄弱、尼众教育资源明显不足,重要需结合现代伦理阐释,落实一般存在两张皮,差距明显尼众长期边缘,佛学70-80%文化20-30%,仅听说过不了解具体,核心精神可借鉴需调适,以戒为师戒律教育体系、传统丛林与现代教育融合、学修一体化培养模式,僧才教育是核心驱动力,意义不大应专注佛学修行,其他、师资队伍专业化建设、戒律教育系统化规范化,能时代化阐释学术型僧才、其他、具备社会服务能力实践型僧才,说不清楚,以现代为主体保留传统内核,希望政府和社会各界给予佛学院更多的政策和资金支持
70,佛学院教师/法师,女,26-35岁,5-10年,港澳台及海外,比较了解,佛教实践服务社会利益人群、爱国爱教与社会主义相适应、其他,重要基础,其他,中等基本满足但有短板,戒律教育松弛流于形式、学修脱节理论与修行未结合、师资力量薄弱,极其重要根本不可动摇,落实较差重学轻修或重修轻学,差距在缩小仍需更多投入,佛学50-60%文化40-50%,从未听说,核心精神可借鉴需调适,以戒为师戒律教育体系、学修一体化培养模式、恢复二部僧戒戒律传承,僧才教育是核心驱动力,比较重要应当坚持,社会服务与实践能力培养、其他、爱国主义教育深化,其他、精通佛学经典传承法脉宗教师、能管理寺院组织型僧才,统一标准不性别差异化,以现代为主体保留传统内核,建议增加信息技术和新媒体应用方面的课程
71,宗教学/佛学研究者,男,36-50岁,20年以上,西北地区(陕甘青宁新),比较了解,爱国爱教与社会主义相适应、其他、僧团制度与社会规范适应,说不清楚,教义时代化阐释能力不足,中等基本满足但有短板,其他、尼众教育资源明显不足、佛学与文化课程比例失衡,极其重要根本不可动摇,落实一般存在两张皮,差距明显尼众长期边缘,佛学≤50%文化≥50%,仅听说过不了解具体,核心精神可借鉴需调适,学修一体化培养模式、僧俗结合师资建设模式、其他,僧才教育是核心驱动力,极其重要不可动摇,师资队伍专业化建设、社会服务与实践能力培养、院校管理现代化,能管理寺院组织型僧才、精通佛学经典传承法脉宗教师、爱国爱教合格僧才,建立独立尼众教育体系,二者并重各取所长,僧才教育应注重培养学僧的独立思考能力和创新精神
72,佛学院教师/法师,女,36-50岁,未出家,西南地区(川滇黔渝藏),不太了解,僧团制度与社会规范适应、僧才培养体系规范化现代化、其他,根本性支撑,僧才社会服务意识与能力欠缺,中等基本满足但有短板,培养目标与社会需求脱节、学修脱节理论与修行未结合、尼众教育资源明显不足,极其重要根本不可动摇,落实一般存在两张皮,已基本持平各有特色,佛学≥90%文化≤10%,从未听说,至今仍是理想范式具普适性,恢复二部僧戒戒律传承、以戒为师戒律教育体系、僧俗结合师资建设模式,僧才教育是核心驱动力,极其重要不可动摇,师资队伍专业化建设、其他、戒律教育系统化规范化,具有国际视野复合型僧才、能管理寺院组织型僧才、爱国爱教合格僧才,与男众基本一致细节区分,二者并重各取所长,建议加强佛学院师资队伍建设，引进更多兼具佛学造诣与教学经验的优秀教师
73,佛教院校管理人员,女,36-50岁,11-20年,华北地区(京津冀晋蒙),比较了解,爱国爱教与社会主义相适应、教义阐释与传统文化融合、其他,辅助性因素,传统文化底蕴薄弱,偏低与时代需求差距大,戒律教育松弛流于形式、学修脱节理论与修行未结合、管理制度不健全,重要需结合现代伦理阐释,落实很差严重脱节,差距在缩小仍需更多投入,佛学50-60%文化40-50%,基本了解知道核心事迹,至今仍是理想范式具普适性,培养爱国爱教年轻僧才、学修一体化培养模式、以戒为师戒律教育体系,僧才教育是核心驱动力,比较重要应当坚持,尼众教育资源专项扶持、社会服务与实践能力培养、师资队伍专业化建设,具备社会服务能力实践型僧才、爱国爱教合格僧才、其他,建立独立尼众教育体系,以传统为根基现代为补充,应注重尼众教育的特殊性，建立符合尼众身心特点的培养体系
74,佛学院教师/法师,男,51岁以上,20年以上,华北地区(京津冀晋蒙),一般了解,爱国爱教与社会主义相适应、教义阐释与传统文化融合、僧才培养体系规范化现代化,重要基础,教义时代化阐释能力不足,中等基本满足但有短板,尼众教育资源明显不足、其他、戒律教育松弛流于形式,重要性一般应侧重文化素养社会能力,落实较差重学轻修或重修轻学,差距明显尼众长期边缘,佛学≤50%文化≥50%,从未听说,核心精神可借鉴需调适,恢复二部僧戒戒律传承、传统丛林与现代教育融合、学修一体化培养模式,其他,比较重要应当坚持,传统文化与现代知识素养充实、戒律教育系统化规范化、尼众教育资源专项扶持,能时代化阐释学术型僧才、爱国爱教合格僧才、具有国际视野复合型僧才,建立独立尼众教育体系,二者并重各取所长,应注重尼众教育的特殊性，建立符合尼众身心特点的培养体系
75,佛学院教师/法师,女,18-25岁,5年以下,华东地区(沪苏浙皖闽赣鲁),比较了解,教义阐释与传统文化融合、佛教实践服务社会利益人群、僧才培养体系规范化现代化,重要基础,传统文化底蕴薄弱,亟需系统性改革,其他、佛学与文化课程比例失衡、培养目标与社会需求脱节,极其重要根本不可动摇,落实较差重学轻修或重修轻学,已基本持平各有特色,佛学≤50%文化≥50%,从未听说,核心精神可借鉴需调适,佛学与文学并重课程设计、恢复二部僧戒戒律传承、培养爱国爱教年轻僧才,传统戒律与现代伦理可融合,比较重要应当坚持,爱国主义教育深化、其他、尼众教育资源专项扶持,具备社会服务能力实践型僧才、具有国际视野复合型僧才、其他,建立独立尼众教育体系,全面现代化传统不适应时代,僧才培养应注重因材施教，根据学僧的不同特长制定个性化培养方案
76,佛学院在读学僧,女,26-35岁,5-10年,华南地区(粤桂琼),一般了解,佛教实践服务社会利益人群、教义阐释与传统文化融合、僧才培养体系规范化现代化,重要基础,僧才社会服务意识与能力欠缺,中等基本满足但有短板,学修脱节理论与修行未结合、管理制度不健全、佛学与文化课程比例失衡,重要性一般应侧重文化素养社会能力,落实一般存在两张皮,差距明显尼众长期边缘,佛学70-80%文化20-30%,仅听说过不了解具体,至今仍是理想范式具普适性,培养爱国爱教年轻僧才、学修一体化培养模式、恢复二部僧戒戒律传承,佛教教育必须走出寺院服务社会,比较重要应当坚持,戒律教育系统化规范化、传统文化与现代知识素养充实、社会服务与实践能力培养,能时代化阐释学术型僧才、精通佛学经典传承法脉宗教师、能管理寺院组织型僧才,建立独立尼众教育体系,二者并重各取所长,隆莲法师的教育理念值得深入研究，建议将其纳入佛学院教材
77,佛学院教师/法师,男,36-50岁,5年以下,华北地区(京津冀晋蒙),一般了解,教义阐释与传统文化融合、爱国爱教与社会主义相适应、僧团制度与社会规范适应,辅助性因素,传统文化底蕴薄弱,中等基本满足但有短板,学修脱节理论与修行未结合、尼众教育资源明显不足、师资力量薄弱,重要需结合现代伦理阐释,落实很差严重脱节,差距明显尼众长期边缘,佛学≥90%文化≤10%,基本了解知道核心事迹,核心精神可借鉴需调适,其他、佛学与文学并重课程设计、恢复二部僧戒戒律传承,尼众群体有不可替代价值,极其重要不可动摇,爱国主义教育深化、院校管理现代化、尼众教育资源专项扶持,爱国爱教合格僧才、其他、具备社会服务能力实践型僧才,与男众基本一致细节区分,以传统为根基现代为补充,建议加强佛学院师资队伍建设，引进更多兼具佛学造诣与教学经验的优秀教师
78,佛教院校管理人员,男,36-50岁,5-10年,华中地区(豫鄂湘),比较了解,僧才培养体系规范化现代化、佛教实践服务社会利益人群、其他,根本性支撑,爱国主义教育停留表层,中等基本满足但有短板,管理制度不健全、戒律教育松弛流于形式、尼众教育资源明显不足,重要性一般应侧重文化素养社会能力,落实一般存在两张皮,差距在缩小仍需更多投入,佛学≤50%文化≥50%,基本了解知道核心事迹,核心精神可借鉴需调适,学修一体化培养模式、培养爱国爱教年轻僧才、传统丛林与现代教育融合,爱国爱教是根本路径,极其重要不可动摇,师资队伍专业化建设、传统文化与现代知识素养充实、爱国主义教育深化,能时代化阐释学术型僧才、具有国际视野复合型僧才、能管理寺院组织型僧才,说不清楚,二者并重各取所长,建议增加社会实践环节，让学僧走出寺院接触社会、服务人群
79,宗教学/佛学研究者,女,51岁以上,5年以下,华中地区(豫鄂湘),非常了解,教义阐释与传统文化融合、爱国爱教与社会主义相适应、僧团制度与社会规范适应,辅助性因素,教义时代化阐释能力不足,中等基本满足但有短板,尼众教育资源明显不足、管理制度不健全、其他,极其重要根本不可动摇,落实一般存在两张皮,不了解无法判断,佛学≤50%文化≥50%,仅听说过不了解具体,至今仍是理想范式具普适性,以戒为师戒律教育体系、佛学与文学并重课程设计、培养爱国爱教年轻僧才,爱国爱教是根本路径,比较重要应当坚持,戒律教育系统化规范化、尼众教育资源专项扶持、爱国主义教育深化,具备社会服务能力实践型僧才、精通佛学经典传承法脉宗教师、能时代化阐释学术型僧才,与男众基本一致细节区分,以现代为主体保留传统内核,希望增加国际交流机会，学习其他国家宗教教育的成功经验
80,佛学院在读学僧,男,36-50岁,11-20年,西北地区(陕甘青宁新),不太了解,佛教实践服务社会利益人群、爱国爱教与社会主义相适应、僧团制度与社会规范适应,根本性支撑,僧才社会服务意识与能力欠缺,中等基本满足但有短板,培养目标与社会需求脱节、师资力量薄弱、尼众教育资源明显不足,重要需结合现代伦理阐释,落实较差重学轻修或重修轻学,不了解无法判断,佛学70-80%文化20-30%,从未听说,核心精神可借鉴需调适,恢复二部僧戒戒律传承、以戒为师戒律教育体系、僧俗结合师资建设模式,传统戒律与现代伦理可融合,极其重要不可动摇,爱国主义教育深化、社会服务与实践能力培养、尼众教育资源专项扶持,能时代化阐释学术型僧才、其他、具有国际视野复合型僧才,建立独立尼众教育体系,全面现代化传统不适应时代,建议加强佛学院师资队伍建设，引进更多兼具佛学造诣与教学经验的优秀教师
81,佛学院在读学僧,男,36-50岁,未出家,华北地区(京津冀晋蒙),比较了解,其他、僧团制度与社会规范适应、爱国爱教与社会主义相适应,根本性支撑,教义时代化阐释能力不足,亟需系统性改革,学修脱节理论与修行未结合、戒律教育松弛流于形式、培养目标与社会需求脱节,极其重要根本不可动摇,落实一般存在两张皮,差距明显尼众长期边缘,佛学≥90%文化≤10%,基本了解知道核心事迹,核心精神可借鉴需调适,恢复二部僧戒戒律传承、以戒为师戒律教育体系、培养爱国爱教年轻僧才,传统戒律与现代伦理可融合,极其重要不可动摇,师资队伍专业化建设、院校管理现代化、尼众教育资源专项扶持,具备社会服务能力实践型僧才、具有国际视野复合型僧才、能管理寺院组织型僧才,与男众基本一致细节区分,以传统为根基现代为补充,爱国主义教育应融入日常教学，而非仅仅作为一门课程
82,寺院常住僧众,女,18-25岁,20年以上,华北地区(京津冀晋蒙),一般了解,僧团制度与社会规范适应、佛教实践服务社会利益人群、其他,根本性支撑,传统文化底蕴薄弱,偏低与时代需求差距大,培养目标与社会需求脱节、戒律教育松弛流于形式、其他,重要需结合现代伦理阐释,落实一般存在两张皮,差距明显尼众长期边缘,佛学70-80%文化20-30%,基本了解知道核心事迹,历史贡献大于现实意义,恢复二部僧戒戒律传承、其他、以戒为师戒律教育体系,僧才教育是核心驱动力,极其重要不可动摇,传统文化与现代知识素养充实、爱国主义教育深化、其他,爱国爱教合格僧才、能管理寺院组织型僧才、精通佛学经典传承法脉宗教师,与男众基本一致细节区分,二者并重各取所长,应关注僧才的心理健康和情绪管理，增加相关课程
83,寺院常住僧众,女,36-50岁,5年以下,华东地区(沪苏浙皖闽赣鲁),非常了解,佛教实践服务社会利益人群、僧团制度与社会规范适应、其他,重要基础,爱国主义教育停留表层,偏低与时代需求差距大,尼众教育资源明显不足、培养目标与社会需求脱节、学修脱节理论与修行未结合,极其重要根本不可动摇,落实一般存在两张皮,差距在缩小仍需更多投入,佛学≤50%文化≥50%,仅听说过不了解具体,核心精神可借鉴需调适,学修一体化培养模式、其他、传统丛林与现代教育融合,传统戒律与现代伦理可融合,极其重要不可动摇,传统文化与现代知识素养充实、尼众教育资源专项扶持、爱国主义教育深化,精通佛学经典传承法脉宗教师、具有国际视野复合型僧才、能管理寺院组织型僧才,统一标准不性别差异化,以传统为根基现代为补充,建议建立僧才毕业后跟踪评估机制，了解培养效果和社会适应情况
84,佛学院在读学僧,男,51岁以上,5-10年,西南地区(川滇黔渝藏),不太了解,佛教实践服务社会利益人群、教义阐释与传统文化融合、僧才培养体系规范化现代化,重要基础,传统文化底蕴薄弱,偏低与时代需求差距大,师资力量薄弱、培养目标与社会需求脱节、尼众教育资源明显不足,极其重要根本不可动摇,落实较差重学轻修或重修轻学,差距明显尼众长期边缘,佛学≥90%文化≤10%,仅听说过不了解具体,至今仍是理想范式具普适性,其他、传统丛林与现代教育融合、以戒为师戒律教育体系,传统戒律与现代伦理可融合,极其重要不可动摇,社会服务与实践能力培养、戒律教育系统化规范化、爱国主义教育深化,其他、能管理寺院组织型僧才、精通佛学经典传承法脉宗教师,与男众基本一致细节区分,二者并重各取所长,戒律教育需要与时俱进，在坚持根本戒律的前提下探索适应现代社会的形式
85,宗教学/佛学研究者,女,26-35岁,11-20年,西北地区(陕甘青宁新),不太了解,僧才培养体系规范化现代化、佛教实践服务社会利益人群、僧团制度与社会规范适应,根本性支撑,戒律教育与现代伦理未衔接,偏低与时代需求差距大,管理制度不健全、其他、尼众教育资源明显不足,极其重要根本不可动摇,落实一般存在两张皮,差距在缩小仍需更多投入,佛学50-60%文化40-50%,仅听说过不了解具体,核心精神可借鉴需调适,学修一体化培养模式、其他、佛学与文学并重课程设计,尼众群体有不可替代价值,比较重要应当坚持,其他、传统文化与现代知识素养充实、爱国主义教育深化,其他、具备社会服务能力实践型僧才、爱国爱教合格僧才,与男众基本一致细节区分,二者并重各取所长,建议各佛学院之间加强交流合作，共享优质教学资源
86,其他,女,36-50岁,20年以上,西南地区(川滇黔渝藏),一般了解,爱国爱教与社会主义相适应、其他、僧团制度与社会规范适应,根本性支撑,戒律教育与现代伦理未衔接,中等基本满足但有短板,尼众教育资源明显不足、戒律教育松弛流于形式、佛学与文化课程比例失衡,重要性一般应侧重文化素养社会能力,落实一般存在两张皮,差距在缩小仍需更多投入,佛学70-80%文化20-30%,仅听说过不了解具体,至今仍是理想范式具普适性,恢复二部僧戒戒律传承、传统丛林与现代教育融合、学修一体化培养模式,传统戒律与现代伦理可融合,极其重要不可动摇,戒律教育系统化规范化、社会服务与实践能力培养、传统文化与现代知识素养充实,精通佛学经典传承法脉宗教师、具有国际视野复合型僧才、其他,与男众基本一致细节区分,二者并重各取所长,隆莲法师的教育理念值得深入研究，建议将其纳入佛学院教材
87,佛学院在读学僧,男,26-35岁,11-20年,华东地区(沪苏浙皖闽赣鲁),比较了解,教义阐释与传统文化融合、僧才培养体系规范化现代化、其他,重要基础,传统文化底蕴薄弱,中等基本满足但有短板,佛学与文化课程比例失衡、师资力量薄弱、培养目标与社会需求脱节,极其重要根本不可动摇,落实一般存在两张皮,差距明显尼众长期边缘,佛学70-80%文化20-30%,从未听说,核心精神可借鉴需调适,以戒为师戒律教育体系、恢复二部僧戒戒律传承、其他,尼众群体有不可替代价值,极其重要不可动摇,传统文化与现代知识素养充实、尼众教育资源专项扶持、社会服务与实践能力培养,具备社会服务能力实践型僧才、其他、精通佛学经典传承法脉宗教师,与男众基本一致细节区分,以现代为主体保留传统内核,佛学院应加强与普通高校的学术合作，提升学术水平
88,佛教院校管理人员,女,51岁以上,5年以下,华北地区(京津冀晋蒙),一般了解,僧团制度与社会规范适应、其他、教义阐释与传统文化融合,重要基础,僧才社会服务意识与能力欠缺,亟需系统性改革,师资力量薄弱、戒律教育松弛流于形式、尼众教育资源明显不足,重要需结合现代伦理阐释,落实一般存在两张皮,差距在缩小仍需更多投入,佛学≤50%文化≥50%,系统了解研读文献,历史贡献大于现实意义,其他、学修一体化培养模式、佛学与文学并重课程设计,爱国爱教是根本路径,有一定意义不应过度强调,爱国主义教育深化、尼众教育资源专项扶持、社会服务与实践能力培养,精通佛学经典传承法脉宗教师、能时代化阐释学术型僧才、具有国际视野复合型僧才,建立独立尼众教育体系,以传统为根基现代为补充,希望政府和社会各界给予佛学院更多的政策和资金支持
89,佛学院在读学僧,男,18-25岁,11-20年,西北地区(陕甘青宁新),不太了解,教义阐释与传统文化融合、僧团制度与社会规范适应、其他,说不清楚,爱国主义教育停留表层,偏低与时代需求差距大,尼众教育资源明显不足、学修脱节理论与修行未结合、佛学与文化课程比例失衡,极其重要根本不可动摇,落实一般存在两张皮,已基本持平各有特色,佛学70-80%文化20-30%,仅听说过不了解具体,历史贡献大于现实意义,学修一体化培养模式、恢复二部僧戒戒律传承、其他,僧才教育是核心驱动力,极其重要不可动摇,戒律教育系统化规范化、师资队伍专业化建设、传统文化与现代知识素养充实,精通佛学经典传承法脉宗教师、能管理寺院组织型僧才、具有国际视野复合型僧才,与男众基本一致细节区分,全面现代化传统不适应时代,建议建立僧才教育质量评估体系，定期进行自我检视和改进
90,佛教院校管理人员,女,18-25岁,5-10年,西南地区(川滇黔渝藏),比较了解,佛教实践服务社会利益人群、其他、僧才培养体系规范化现代化,辅助性因素,爱国主义教育停留表层,偏低与时代需求差距大,尼众教育资源明显不足、佛学与文化课程比例失衡、师资力量薄弱,极其重要根本不可动摇,落实很差严重脱节,差距明显尼众长期边缘,佛学50-60%文化40-50%,基本了解知道核心事迹,至今仍是理想范式具普适性,僧俗结合师资建设模式、学修一体化培养模式、恢复二部僧戒戒律传承,传统戒律与现代伦理可融合,极其重要不可动摇,戒律教育系统化规范化、传统文化与现代知识素养充实、爱国主义教育深化,精通佛学经典传承法脉宗教师、能管理寺院组织型僧才、其他,建立独立尼众教育体系,以传统为根基现代为补充,希望增加国际交流机会，学习其他国家宗教教育的成功经验
91,寺院常住僧众,女,51岁以上,5年以下,西南地区(川滇黔渝藏),比较了解,僧团制度与社会规范适应、教义阐释与传统文化融合、僧才培养体系规范化现代化,根本性支撑,僧才社会服务意识与能力欠缺,中等基本满足但有短板,佛学与文化课程比例失衡、师资力量薄弱、学修脱节理论与修行未结合,极其重要根本不可动摇,落实一般存在两张皮,差距在缩小仍需更多投入,佛学70-80%文化20-30%,仅听说过不了解具体,核心精神可借鉴需调适,培养爱国爱教年轻僧才、传统丛林与现代教育融合、以戒为师戒律教育体系,僧才教育是核心驱动力,极其重要不可动摇,传统文化与现代知识素养充实、爱国主义教育深化、社会服务与实践能力培养,精通佛学经典传承法脉宗教师、爱国爱教合格僧才、能时代化阐释学术型僧才,建立独立尼众教育体系,二者并重各取所长,建议加强佛学院师资队伍建设，引进更多兼具佛学造诣与教学经验的优秀教师
92,佛教院校管理人员,女,26-35岁,5年以下,华中地区(豫鄂湘),一般了解,佛教实践服务社会利益人群、僧才培养体系规范化现代化、爱国爱教与社会主义相适应,辅助性因素,传统文化底蕴薄弱,中等基本满足但有短板,其他、师资力量薄弱、尼众教育资源明显不足,重要性一般应侧重文化素养社会能力,落实一般存在两张皮,差距明显尼众长期边缘,佛学50-60%文化40-50%,仅听说过不了解具体,历史贡献大于现实意义,以戒为师戒律教育体系、学修一体化培养模式、佛学与文学并重课程设计,佛教教育必须走出寺院服务社会,极其重要不可动摇,院校管理现代化、爱国主义教育深化、社会服务与实践能力培养,能时代化阐释学术型僧才、其他、能管理寺院组织型僧才,与男众基本一致细节区分,二者并重各取所长,应注重尼众教育的特殊性，建立符合尼众身心特点的培养体系
93,寺院常住僧众,女,36-50岁,11-20年,西北地区(陕甘青宁新),非常了解,爱国爱教与社会主义相适应、僧才培养体系规范化现代化、教义阐释与传统文化融合,根本性支撑,传统文化底蕴薄弱,偏低与时代需求差距大,学修脱节理论与修行未结合、其他、培养目标与社会需求脱节,重要需结合现代伦理阐释,落实一般存在两张皮,差距明显尼众长期边缘,佛学50-60%文化40-50%,基本了解知道核心事迹,历史贡献大于现实意义,恢复二部僧戒戒律传承、以戒为师戒律教育体系、其他,佛教教育必须走出寺院服务社会,比较重要应当坚持,社会服务与实践能力培养、其他、爱国主义教育深化,具备社会服务能力实践型僧才、精通佛学经典传承法脉宗教师、能时代化阐释学术型僧才,统一标准不性别差异化,以传统为根基现代为补充,僧才培养应注重因材施教，根据学僧的不同特长制定个性化培养方案
94,佛学院在读学僧,男,26-35岁,11-20年,西北地区(陕甘青宁新),比较了解,僧才培养体系规范化现代化、佛教实践服务社会利益人群、爱国爱教与社会主义相适应,根本性支撑,教义时代化阐释能力不足,亟需系统性改革,管理制度不健全、尼众教育资源明显不足、师资力量薄弱,不太重要,落实一般存在两张皮,差距在缩小仍需更多投入,佛学70-80%文化20-30%,仅听说过不了解具体,核心精神可借鉴需调适,学修一体化培养模式、传统丛林与现代教育融合、培养爱国爱教年轻僧才,传统戒律与现代伦理可融合,比较重要应当坚持,其他、院校管理现代化、尼众教育资源专项扶持,具有国际视野复合型僧才、能管理寺院组织型僧才、能时代化阐释学术型僧才,建立独立尼众教育体系,以现代为主体保留传统内核,应注重尼众教育的特殊性，建立符合尼众身心特点的培养体系
95,其他,女,51岁以上,5-10年,华中地区(豫鄂湘),比较了解,僧才培养体系规范化现代化、爱国爱教与社会主义相适应、佛教实践服务社会利益人群,根本性支撑,僧才社会服务意识与能力欠缺,中等基本满足但有短板,管理制度不健全、戒律教育松弛流于形式、其他,重要需结合现代伦理阐释,落实很差严重脱节,差距明显尼众长期边缘,佛学≤50%文化≥50%,基本了解知道核心事迹,核心精神可借鉴需调适,僧俗结合师资建设模式、其他、传统丛林与现代教育融合,尼众群体有不可替代价值,比较重要应当坚持,院校管理现代化、戒律教育系统化规范化、社会服务与实践能力培养,其他、精通佛学经典传承法脉宗教师、能管理寺院组织型僧才,说不清楚,二者并重各取所长,应注重尼众教育的特殊性，建立符合尼众身心特点的培养体系
96,佛学院在读学僧,女,36-50岁,5年以下,华中地区(豫鄂湘),非常了解,爱国爱教与社会主义相适应、僧才培养体系规范化现代化、其他,重要基础,传统文化底蕴薄弱,中等基本满足但有短板,其他、戒律教育松弛流于形式、培养目标与社会需求脱节,极其重要根本不可动摇,落实较差重学轻修或重修轻学,差距明显尼众长期边缘,佛学50-60%文化40-50%,从未听说,核心精神可借鉴需调适,其他、恢复二部僧戒戒律传承、佛学与文学并重课程设计,僧才教育是核心驱动力,比较重要应当坚持,其他、戒律教育系统化规范化、尼众教育资源专项扶持,具有国际视野复合型僧才、具备社会服务能力实践型僧才、爱国爱教合格僧才,建立独立尼众教育体系,二者并重各取所长,建议建立僧才教育质量评估体系，定期进行自我检视和改进
97,宗教学/佛学研究者,女,26-35岁,11-20年,华中地区(豫鄂湘),比较了解,教义阐释与传统文化融合、其他、僧团制度与社会规范适应,根本性支撑,戒律教育与现代伦理未衔接,中等基本满足但有短板,戒律教育松弛流于形式、佛学与文化课程比例失衡、其他,重要需结合现代伦理阐释,落实一般存在两张皮,差距在缩小仍需更多投入,佛学50-60%文化40-50%,系统了解研读文献,核心精神可借鉴需调适,其他、恢复二部僧戒戒律传承、学修一体化培养模式,尼众群体有不可替代价值,比较重要应当坚持,爱国主义教育深化、院校管理现代化、师资队伍专业化建设,精通佛学经典传承法脉宗教师、爱国爱教合格僧才、能时代化阐释学术型僧才,与男众基本一致细节区分,以现代为主体保留传统内核,希望增加国际交流机会，学习其他国家宗教教育的成功经验
98,宗教学/佛学研究者,女,18-25岁,11-20年,西北地区(陕甘青宁新),非常了解,僧才培养体系规范化现代化、教义阐释与传统文化融合、其他,重要基础,教义时代化阐释能力不足,中等基本满足但有短板,学修脱节理论与修行未结合、尼众教育资源明显不足、师资力量薄弱,重要需结合现代伦理阐释,落实一般存在两张皮,差距明显尼众长期边缘,佛学70-80%文化20-30%,从未听说,不了解无法评价,以戒为师戒律教育体系、其他、佛学与文学并重课程设计,佛教教育必须走出寺院服务社会,极其重要不可动摇,师资队伍专业化建设、尼众教育资源专项扶持、传统文化与现代知识素养充实,其他、能时代化阐释学术型僧才、能管理寺院组织型僧才,统一标准不性别差异化,二者并重各取所长,希望佛学课程与文化课程能更加平衡，培养具有广博视野的僧才
99,佛学院在读学僧,女,18-25岁,5-10年,华北地区(京津冀晋蒙),比较了解,僧才培养体系规范化现代化、其他、爱国爱教与社会主义相适应,重要基础,其他,中等基本满足但有短板,其他、佛学与文化课程比例失衡、管理制度不健全,极其重要根本不可动摇,落实一般存在两张皮,差距明显尼众长期边缘,佛学50-60%文化40-50%,从未听说,历史贡献大于现实意义,其他、恢复二部僧戒戒律传承、学修一体化培养模式,僧才教育是核心驱动力,极其重要不可动摇,戒律教育系统化规范化、院校管理现代化、社会服务与实践能力培养,具有国际视野复合型僧才、精通佛学经典传承法脉宗教师、能时代化阐释学术型僧才,与男众基本一致细节区分,以现代为主体保留传统内核,希望佛学课程与文化课程能更加平衡，培养具有广博视野的僧才
100,佛学院教师/法师,男,36-50岁,11-20年,华东地区(沪苏浙皖闽赣鲁),比较了解,爱国爱教与社会主义相适应、佛教实践服务社会利益人群、教义阐释与传统文化融合,辅助性因素,戒律教育与现代伦理未衔接,中等基本满足但有短板,师资力量薄弱、戒律教育松弛流于形式、佛学与文化课程比例失衡,重要需结合现代伦理阐释,落实一般存在两张皮,差距明显尼众长期边缘,佛学50-60%文化40-50%,基本了解知道核心事迹,历史贡献大于现实意义,佛学与文学并重课程设计、以戒为师戒律教育体系、传统丛林与现代教育融合,其他,极其重要不可动摇,爱国主义教育深化、其他、尼众教育资源专项扶持,能时代化阐释学术型僧才、精通佛学经典传承法脉宗教师、爱国爱教合格僧才,建立独立尼众教育体系,以传统为根基现代为补充,希望增加国际交流机会，学习其他国家宗教教育的成功经验
